{"_timestamp": 1709893229.6169162, "_runtime": 158.46370816230774, "_step": 312, "train_loss_step": 0.4316573739051819, "train_acc_step": 0.875, "epoch": 10, "trainer/global_step": 14070, "val_loss": 0.8131866455078125, "val_acc": 0.7179999947547913, "train_loss_epoch": 0.6177302002906799, "train_acc_epoch": 0.785444438457489, "test_loss": 0.814271092414856, "test_acc": 0.7200000286102295, "_wandb": {"runtime": 157}}