{"_timestamp": 1709892731.0596383, "_runtime": 172.25709128379822, "_step": 312, "train_loss_step": 0.883438766002655, "train_acc_step": 0.75, "epoch": 10, "trainer/global_step": 14070, "val_loss": 0.806100070476532, "val_acc": 0.7275999784469604, "train_loss_epoch": 0.5686550140380859, "train_acc_epoch": 0.8005555272102356, "test_loss": 0.8216265439987183, "test_acc": 0.7200999855995178, "_wandb": {"runtime": 168}}